{
    "$schema": "http://json-schema.org/draft-04/schema#",
    "title": "StatusNotificationRequest",
    "type": "object",
    "properties": {
        "connectorId": {
            "type": "integer"
        },
        "errorCode": {
            "type": "string",
            "additionalProperties": true,
            "enum": [
                "ConnectorLockFailure",
                "EVCommunicationError",
                "GroundFailure",
                "HighTemperature",
                "InternalError",
                "LocalListConflict",
                "NoError",
                "OtherError",
                "OverCurrentFailure",
                "PowerMeterFailure",
                "PowerSwitchFailure",
                "ReaderFailure",
                "ResetFailure",
                "UnderVoltage",
                "OverVoltage",
                "WeakSignal"
            ]
        },
        "info": {
            "type": "string",
            "maxLength": 50
        },
        "status": {
            "type": "string",
            "additionalProperties": true,
            "enum": [
                "Available",
                "Preparing",
                "Charging",
                "SuspendedEVSE",
                "SuspendedEV",
                "Finishing",
                "Reserved",
                "Unavailable",
                "Faulted"
            ]
        },
        "timestamp": {
            "type": "string",
            "format": "date-time"
        },
        "vendorId": {
            "type": "string",
            "maxLength": 255
        },
        "vendorErrorCode": {
            "type": "string",
            "maxLength": 50
        }
    },
    "additionalProperties": true,
    "required": [
        "connectorId",
        "errorCode",
        "status"
    ]
}
