{
  "index_map": {
    "tbl_access_code": [
      "id"
    ],
    "tbl_business": [
      "id"
    ],
    "tbl_charging_profile": [
      "chargepoint_id",
      "connector_id",
      "limit",
      "id"
    ],
    "tbl_device": [
      "country_code",
      "sub_type_id",
      "model",
      "operational_state",
      "protocol",
      "transport",
      "type_id",
      "id",
      "service_device_id",
      "site_id"
    ],
    "tbl_device_alarm": [
      "acknowledge",
      "alarm_id",
      "chargepoint_id",
      "connector_id",
      "current_status",
      "errorcode",
      "status"
    ],
    "tbl_device_attribute_values": [
      "attribute",
      "device_id",
      "id",
      "value"
    ],
    "tbl_device_session": [
      "chargepoint_id",
      "connector_id",
      "datetime",
      "meter_stop",
      "id",
      "transaction_id"
    ],
    "tbl_device_state": [
      "chargepoint_id",
      "connector_id",
      "heartbeat_datetime",
      "heartbeat_time_interval",
      "meterValue_datetime",
      "metervalue_time_interval",
      "offline_active",
      "id",
      "state",
      "status"
    ],
    "tbl_device_type": [
      "id"
    ],
    "tbl_load_management": [
      "buffer",
      "load_management",
      "id",
      "site_id",
      "system_capacity"
    ],
    "tbl_service_offering": [
      "id"
    ],
    "tbl_site": [
      "id"
    ],
    "tbl_ticket": [
      "id",
      "site_id"
    ],
    "tbl_user": [
      "id"
    ],
    "tbl_user_module": [
      "id"
    ],
    "tbl_user_module_field_list": [
      "module_id",
      "id"
    ],
    "tbl_user_module_role_assoc": [
      "access_code",
      "module_id",
      "role_id",
      "id"
    ],
    "tbl_user_module_role_field_assoc": [
      "module_field_id",
      "module_role_assoc_id",
      "id"
    ],
    "tbl_user_module_service_assoc": [
      "business_id",
      "module_id",
      "service_offering_id",
      "id"
    ],
    "tbl_user_role": [
      "id"
    ],
    "tbl_user_service_offering_assoc": [
      "user_role_id",
      "id",
      "user_id",
      "user_type"
    ]
  },
  "updated_time": "Mar 07 2023 04:08PM"
}